Age,Survived_rate,Passengers_count
"(0, 10]",0.59375,64
"(10, 20]",0.382608696,115
"(20, 30]",0.365217391,230
"(30, 40]",0.44516129,155
"(40, 50]",0.38372093,86
"(50, 60]",0.404761905,42
"(60, 70]",0.235294118,17
"(70, 80]",0.2,5
