Pclass,Survived_rate,Passengers_count
1,0.6296296296296297,216
2,0.4728260869565217,184
3,0.2423625254582485,491
