Pclass,Sex,Survived_rate,Passengers_count
1,female,0.9680851063829788,94
1,male,0.3688524590163935,122
2,female,0.9210526315789472,76
2,male,0.1574074074074074,108
3,female,0.5,144
3,male,0.13544668587896252,347
