Pclass,Age,Survived_rate,Passengers_count
1,"(0, 20]",0.8095238095238095,21
1,"(20, 40]",0.7415730337078652,89
1,"(40, 60]",0.5806451612903226,62
1,"(60, 80]",0.21428571428571427,14
2,"(0, 20]",0.7428571428571429,35
2,"(20, 40]",0.4230769230769231,104
2,"(40, 60]",0.3870967741935484,31
2,"(60, 80]",0.3333333333333333,3
3,"(0, 20]",0.3170731707317073,123
3,"(20, 40]",0.22395833333333331,192
3,"(40, 60]",0.057142857142857134,35
3,"(60, 80]",0.2,5
