Sex,Survived_rate,Passengers_count
female,0.7420382165605095,314
male,0.18890814558058924,577
