Sex,Age,Survived_rate,Passengers_count
female,"(0, 20]",0.6883116883116883,77
female,"(20, 40]",0.7867647058823529,136
female,"(40, 60]",0.7555555555555555,45
female,"(60, 80]",1.0,3
male,"(0, 20]",0.2843137254901961,102
male,"(20, 40]",0.1847389558232932,249
male,"(40, 60]",0.1927710843373494,83
male,"(60, 80]",0.10526315789473684,19
